<?xml version="1.0" encoding="UTF-8"?>
<project-private xmlns="http://www.netbeans.org/ns/project-private/1">
    <editor-bookmarks xmlns="http://www.netbeans.org/ns/editor-bookmarks/2" lastBookmarkId="0"/>
    <open-files xmlns="http://www.netbeans.org/ns/projectui-open-files/2">
        <group>
            <file>file:/C:/xampp/htdocs/Willy/application/views/layouts/Header.php</file>
            <file>file:/C:/xampp/htdocs/Willy/application/controllers/C_Estudiantes.php</file>
            <file>file:/C:/xampp/htdocs/Willy/application/models/M_Estudiantes.php</file>
            <file>file:/C:/xampp/htdocs/Willy/application/views/usuarios/list_estudiante.php</file>
            <file>file:/C:/xampp/htdocs/Willy/application/views/usuarios/add-user.php</file>
            <file>file:/C:/xampp/htdocs/Willy/application/controllers/C_Usuarios.php</file>
            <file>file:/C:/xampp/htdocs/Willy/assets/js/app.js</file>
            <file>file:/C:/xampp/htdocs/Willy/application/views/layouts/Footer.php</file>
        </group>
    </open-files>
</project-private>
